-- 1. Create Demo Organization
INSERT INTO public.organizations (id, name, status)
VALUES ('77777777-7777-7777-7777-777777777777', 'あわい屋総合病院', 'active');

-- 2. Create Demo Departments
INSERT INTO public.departments (id, organization_id, name)
VALUES 
  ('11111111-1111-1111-1111-111111111111', '77777777-7777-7777-7777-777777777777', '看護部'),
  ('22222222-2222-2222-2222-222222222222', '77777777-7777-7777-7777-777777777777', 'リハビリテーション科'),
  ('33333333-3333-3333-3333-333333333333', '77777777-7777-7777-7777-777777777777', '事務局');

-- 3. Create Global Categories (organization_id is NULL)
INSERT INTO public.categories (id, name, description, sort_order)
VALUES 
  ('10000000-0000-0000-0000-000000000000', '医療安全・感染対策', '病院職員として必須の医療安全および感染対策研修', 1),
  ('20000000-0000-0000-0000-000000000000', 'AI・DXスキル', 'ChatGPTや生成AIを活用した業務効率化', 2),
  ('30000000-0000-0000-0000-000000000000', 'ビジネス基礎スキル', 'ビジネスマナー、ドキュメント作成など', 3);

-- 4. Create Courses
-- A. Global Courses (HQ Courses)
INSERT INTO public.courses (id, category_id, title, description, is_active)
VALUES 
  ('c1111111-1111-1111-1111-111111111111', '10000000-0000-0000-0000-000000000000', '感染対策基礎研修2026', '院内感染を防ぐための手指消毒、個人防護具(PPE)の正しい着脱、医療廃棄物処理の基本を学びます。', true),
  ('c2222222-2222-2222-2222-222222222222', '10000000-0000-0000-0000-000000000000', '医療安全管理とインシデント対策', 'ヒヤリハット事例の収集分析や医療事故防止に向けた院内ルール、チーム医療における連携を学びます。', true),
  ('c3333333-3333-3333-3333-333333333333', '20000000-0000-0000-0000-000000000000', '実務で活かすChatGPTプロンプト基礎', '日々の事務作業、マニュアルの要約、メール下書き作成などにChatGPTを安全かつ効率的に使うテクニックを習得します。', true);

-- B. Set Visibility for HQ Courses to Demo Org
INSERT INTO public.course_visibility (course_id, organization_id)
VALUES 
  ('c1111111-1111-1111-1111-111111111111', '77777777-7777-7777-7777-777777777777'),
  ('c2222222-2222-2222-2222-222222222222', '77777777-7777-7777-7777-777777777777'),
  ('c3333333-3333-3333-3333-333333333333', '77777777-7777-7777-7777-777777777777');

-- 5. Create Lessons for Courses

-- Lessons for: 感染対策基礎研修2026
INSERT INTO public.lessons (id, course_id, title, content_type, url, article_content, estimated_minutes, sort_order)
VALUES
  (
    'l1111111-1111-1111-1111-111111111111', 
    'c1111111-1111-1111-1111-111111111111', 
    'スタンダード・プリコーション（標準予防策）の概要', 
    'video', 
    'https://www.youtube.com/watch?v=dQw4w9WgXcQ', 
    NULL, 
    10, 
    1
  ),
  (
    'l1111111-2222-2222-2222-222222222222', 
    'c1111111-1111-1111-1111-111111111111', 
    '正しい手指衛生（手洗いとアルコール消毒）のタイミング', 
    'article', 
    NULL, 
    '# 正しい手指衛生のタイミング

医療現場における手洗いは、患者様とスタッフ自身を感染から守る最も重要なアクションです。

## 手指衛生が必要な「5つのタイミング」
WHO（世界保健機関）が提唱するガイドラインに基づき、以下の5つのシーンで必ず手指衛生を行ってください。

1. **患者に触れる前** (接触感染を防ぐため)
2. **清潔・無菌操作の前** (カテーテル挿入前など)
3. **体液に曝露された恐れがあるとき** (手袋を外した後も含む)
4. **患者に触れた後**
5. **患者周辺の物品・環境に触れた後**

## 正しい消毒手順
アルコール消毒液を手のひらにたっぷり（約3ml）取り、以下の順ですり込みます。
* 手のひらを擦り合わせる
* 手の甲を反対の手のひらで擦る
* 指を交差させて指の間を擦る
* 親指を反対の手で握り、ねじるように擦る
* 爪先を手のひらに擦り付ける', 
    8, 
    2
  ),
  (
    'l1111111-3333-3333-3333-333333333333', 
    'c1111111-1111-1111-1111-111111111111', 
    '個人防護具(PPE)の正しい着脱手順ガイド', 
    'pdf', 
    'https://www.cdc.gov/hai/pdfs/ppe/ppe-sequence.pdf', 
    NULL, 
    15, 
    3
  );

-- Lessons for: 実務で活かすChatGPTプロンプト基礎
INSERT INTO public.lessons (id, course_id, title, content_type, url, article_content, estimated_minutes, sort_order)
VALUES
  (
    'l2222222-1111-1111-1111-111111111111', 
    'c3333333-3333-3333-3333-333333333333', 
    'ChatGPTとは？ビジネスにおける安全な付き合い方', 
    'article', 
    NULL, 
    '# 生成AIとセキュリティ

## 個人情報・機密情報の取り扱い
ChatGPTなどのオープンな生成AIを利用する際、**最も気をつけるべきは情報漏洩**です。

* **禁止事項:** 患者様の個人情報（氏名、病歴など）や、組織の非公開社外秘データをプロンプトに入力してはいけません。
* **対策:** AIモデルの学習にプロンプトを使用させない設定（Opt-out）を行うか、ダミーデータ（「A氏」「B病院」など）に置き換えて入力してください。', 
    7, 
    1
  ),
  (
    'l2222222-2222-2222-2222-222222222222', 
    'c3333333-3333-3333-3333-333333333333', 
    '思い通りの回答を引き出すプロンプト設計原則', 
    'article', 
    NULL, 
    '# プロンプト作成のゴールデンルール

AIから期待通りの高品質なテキストを得るためには、以下の3要素を明確に指示します。

1. **役割の定義:** 「あなたは優秀な医療事務員です」など
2. **前提条件・指示:** 「以下の箇条書きテキストを、丁寧なビジネスメールに変換してください」
3. **出力フォーマットの指定:** 「件名と本文に分け、敬体（〜です、〜ます）で300文字以内で出力してください」', 
    10, 
    2
  );

-- 6. Create Global Learning Path (Roadmap)
INSERT INTO public.learning_paths (id, name, description, is_active)
VALUES 
  ('r1111111-1111-1111-1111-111111111111', '新卒医療スタッフ初期研修ロードマップ', '新入職員が入職後3ヶ月以内に修了すべき必須カリキュラムです。医療安全から実務スキルまで段階的に学びます。', true);

-- Add Courses to Learning Path (Roadmap steps: 1: 医療安全 -> 2: 感染対策)
INSERT INTO public.learning_path_courses (learning_path_id, course_id, sort_order)
VALUES 
  ('r1111111-1111-1111-1111-111111111111', 'c2222222-2222-2222-2222-222222222222', 1),
  ('r1111111-1111-1111-1111-111111111111', 'c1111111-1111-1111-1111-111111111111', 2);

-- 7. Create Mandatory Course Assignment (Infection Control is mandatory for Demo Org, due date is in 30 days)
INSERT INTO public.mandatory_courses (course_id, organization_id, department_id, due_date)
VALUES 
  ('c1111111-1111-1111-1111-111111111111', '77777777-7777-7777-7777-777777777777', NULL, CURRENT_DATE + 30);
